{
  "data": {
    "dulces": [
   {
     "descripcion": "PAN FRUTAS CONFITADAS UND",
     "precio": "0.99 Ref"
   },
   {
    "descripcion": "PAN DULCE DE CREMA PASTELERA",
    "precio": "0.85 Ref"
  },
  {
    "descripcion": "TORTA POR KG",
    "precio": "10.29 Ref"
  },
  {
    "descripcion": "PASTA SECA KG",
    "precio": "8.69 Ref"
  },
  {
    "descripcion": "BOMBA RELLENA UND",
    "precio": "0.99 Ref"
  },
  {
    "descripcion": "DONAS DE CHOCOLATE 1 UND",
    "precio": "0.69 Ref"
  },
  
  {
    "descripcion": "FRESAS CON CREMA 1 UND",
    "precio": "3.99 Ref"
  },
  {
    "descripcion": "PAN DE COCO 1 UND",
    "precio": "0.59 Ref"
  },
  {
    "descripcion": "PAN DE GUAYABA",
    "precio": "0.99 Ref"
  }
  
 ]
 }}