{
  "data": {
    "Menu": [
   {
     "descripcion": "COMIDA POR KG",
     "precio": "10.43 Ref"
   },
   {
    "descripcion": "SOPA DE RES",
    "precio": "2.51 Ref"
   },
   {
    "descripcion": "SOPA DE POLLO",
    "precio": "2.51 Ref"
   },
   {
    "descripcion": "EMPANADA UND",
    "precio": "1.25 Ref"
  },
  {
    "descripcion": "PAPA RELLENA",
    "precio": "1.39 Ref"
  },
  {
    "descripcion": "JUGO DE PIÑA",
    "precio": "1.49 Ref"
  },
  {
    "descripcion": "MERENGADA DE CAMBUR",
    "precio": "0.90 Ref"
  },
  
  {
    "descripcion": "MERENGADA DE GUANABANA",
    "precio": "1.50 Ref"
  },
  {
    "descripcion": "JUGO DE NARANJA NATURAL",
    "precio": "1.40 Ref"
  },
  {
    "descripcion": "JUGO DE PARCHITA",
    "precio": "0.99 Ref"
  },
  {
    "descripcion": "JUGO DE PATILLA",
    "precio": "1.19 Ref"
  },
  {
    "descripcion": "JUGO DE GUAYABA",
    "precio": "1.00 Ref"
  },
  {
    "descripcion": "JUGO DE FRESA",
    "precio": "2.80 Ref"
  },
  {
    "descripcion": "JUGO DE MELON",
    "precio": "1.50 Ref"
  },
  {
    "descripcion": "JUGO DE LECHOZA",
    "precio": "1.19 Ref"
  },
  {
    "descripcion": "JUGO DE MELOCOTON",
    "precio": "2.51 Ref"
  },

  {
    "descripcion": "TIZANA",
    "precio": "1.88 Ref"
  },
  
  {
    "descripcion": "AREPA CON POLLO",
    "precio": "3.49 Ref"
  }
 ]
 }}