{
  "data": {
    "pasteles": [
   {
     "descripcion": "CACHITO DE JAMON",
     "precio": "1.29 Ref"
   },
   {
    "descripcion": "CACHITO DE JAMON Y QUESO",
    "precio": "1.29 Ref"
  },
  {
    "descripcion": "PAN DE QUESO",
    "precio": "1.39 Ref"
  },
  {
    "descripcion": "PAN DE QUESO CON TOCINETA",
    "precio": "2.19 Ref"
  },
  {
    "descripcion": "HOJALDRE DE POLLO UND",
    "precio": "1.95 Ref"
  },
  {
    "descripcion": "HOJALDRE DE JAMON",
    "precio": "2.25 Ref"
  },
  
  {
    "descripcion": "HOJALDRE DE JAMON C/QUESO CREMA",
    "precio": "3.09 Ref"
  },
  {
    "descripcion": "HOJALDRE DE CARNE",
    "precio": "1.79 Ref"
  },
  {
    "descripcion": "HOJALDRE DE QUESO",
    "precio": "1.95 Ref"
  }
  ,
  {
    "descripcion": "CROISSANT 1 UND",
    "precio": "2.59 Ref"
  }
  
 ]
 }}