{
  "data": {
    "pollo": [
   {
     "descripcion": "POLLO ENTERO CONGELADO KG",
     "precio": "2.49 Ref"
   },
   {
    "descripcion": "PECHUGA DE POLLO KG",
    "precio": "3.59 Ref"
   },
   {
    "descripcion": "MUSLO DE POLLO KG",
    "precio": "3.19 Ref"
   },
   {
    "descripcion": "PATAS DE POLLO KG",
    "precio": "2.61 Ref"
  },
  {
    "descripcion": "HIGADO DE POLLO KG",
    "precio": "1.81 Ref"
  },
  {
    "descripcion": "FILET DE POLLO KG",
    "precio": "5.45 Ref"
  },
  {
    "descripcion": "CARAPACHO DE POLLO KG",
    "precio": "1.09 Ref"
  },
  {
    "descripcion": "ALAS DE POLLO KG",
    "precio": "3.44 Ref"
  }
 ]
 }}