{
  "data": {
    "sandwiches": [
   {
     "descripcion": "SANDWICH JAMON Y QUESO",
     "precio": "3.99 Ref",
     "imagen":"./sjamonsinfondo.png"
   },
   {
    "descripcion": "SANDWICH ITALIANO",
    "precio": "2.99 Ref",
    "imagen":"./sitalianosinfondo.png"
  },
  {
    "descripcion": "SANDWICH PERNIL",
    "precio": "3.99 Ref",
    "imagen":"./spernilsinfondo.png"
  },
  {
    "descripcion": "CLUB HOUSE",
    "precio": "4.49 Ref",
    "imagen":"./clubhousesinfondo.png"
  },
  {
    "descripcion": "SANDWICH DE POLLO",
    "precio": "2.99 Ref",
    "imagen":"./spollosinfondo.png"
  }
 ]
 }}